<?xml version="1.0" encoding="UTF-8"?>
<GenRun Id="synth_1" LaunchPart="xc7a35tcpg236-1" LaunchTime="1679857308">
  <File Type="PA-TCL" Name="KittCar_entity.tcl"/>
  <File Type="REPORTS-TCL" Name="KittCar_entity_reports.tcl"/>
  <File Type="RDS-RDS" Name="KittCar_entity.vds"/>
  <File Type="RDS-UTIL" Name="KittCar_entity_utilization_synth.rpt"/>
  <File Type="RDS-UTIL-PB" Name="KittCar_entity_utilization_synth.pb"/>
  <File Type="RDS-DCP" Name="KittCar_entity.dcp"/>
  <FileSet Name="sources" Type="DesignSrcs" RelSrcDir="$PSRCDIR/sources_1" RelGenDir="$PGENDIR/sources_1">
    <Filter Type="Srcs"/>
    <File Path="$PSRCDIR/sources_1/imports/LAB1_DESD/Clock.vhd">
      <FileInfo>
        <Attr Name="ImportPath" Val="$PPRDIR/../../../../../../Documents/Github/LAB1_DESD/Clock.vhd"/>
        <Attr Name="ImportTime" Val="1679677250"/>
        <Attr Name="UsedIn" Val="synthesis"/>
        <Attr Name="UsedIn" Val="simulation"/>
      </FileInfo>
    </File>
    <File Path="$PSRCDIR/sources_1/imports/LAB1_DESD/PulseWidthModulator.vhd">
      <FileInfo>
        <Attr Name="ImportPath" Val="$PPRDIR/../../../../../../Documents/Github/LAB1_DESD/PulseWidthModulator.vhd"/>
        <Attr Name="ImportTime" Val="1679677250"/>
        <Attr Name="UsedIn" Val="synthesis"/>
        <Attr Name="UsedIn" Val="simulation"/>
      </FileInfo>
    </File>
    <File Path="$PSRCDIR/sources_1/imports/LAB1_DESD/ShiftPWM.vhd">
      <FileInfo>
        <Attr Name="ImportPath" Val="$PPRDIR/../../../../../../Documents/Github/LAB1_DESD/ShiftPWM.vhd"/>
        <Attr Name="ImportTime" Val="1679677250"/>
        <Attr Name="UsedIn" Val="synthesis"/>
        <Attr Name="UsedIn" Val="simulation"/>
      </FileInfo>
    </File>
    <File Path="$PSRCDIR/sources_1/imports/LAB1_DESD/KittCar_entity.vhd">
      <FileInfo>
        <Attr Name="ImportPath" Val="$PPRDIR/../../../../../../Documents/Github/LAB1_DESD/KittCar_entity.vhd"/>
        <Attr Name="ImportTime" Val="1679677250"/>
        <Attr Name="UsedIn" Val="synthesis"/>
        <Attr Name="UsedIn" Val="simulation"/>
      </FileInfo>
    </File>
    <Config>
      <Option Name="DesignMode" Val="RTL"/>
      <Option Name="TopModule" Val="KittCar_entity"/>
      <Option Name="TopAutoSet" Val="TRUE"/>
    </Config>
  </FileSet>
  <FileSet Name="constrs_in" Type="Constrs" RelSrcDir="$PSRCDIR/constrs_1">
    <Filter Type="Constrs"/>
    <File Path="$PSRCDIR/constrs_1/imports/LAB1_DESD/KittCar_v1.xdc">
      <FileInfo>
        <Attr Name="ImportPath" Val="$PPRDIR/../../../../../../Documents/Github/LAB1_DESD/KittCar_v1.xdc"/>
        <Attr Name="ImportTime" Val="1679673432"/>
        <Attr Name="UsedIn" Val="synthesis"/>
        <Attr Name="UsedIn" Val="implementation"/>
      </FileInfo>
    </File>
    <Config>
      <Option Name="ConstrsType" Val="XDC"/>
    </Config>
  </FileSet>
  <FileSet Name="utils" Type="Utils" RelSrcDir="$PSRCDIR/utils_1">
    <Filter Type="Utils"/>
    <Config>
      <Option Name="TopAutoSet" Val="TRUE"/>
    </Config>
  </FileSet>
  <Strategy Version="1" Minor="2">
    <StratHandle Name="Vivado Synthesis Defaults" Flow="Vivado Synthesis 2020"/>
    <Step Id="synth_design"/>
  </Strategy>
</GenRun>
